Año;Código de subpartida;Subpartida de gasto;Procedimientos iniciados;Procedimientos adjudicados;Monto adjudicado en colones;Porcentaje
2018;10701;Actividades de capacitación;7835;4434;9330953926;0.76
2018;10702;Actividades protocolarias y sociales;5453;2028;5443830768;0.44
2018;40207;Adquisición de valores del Sector Privado;1;1;522000;0
2018;50205;Aeropuertos;9;8;8775985335;0.72
2018;20204;Alimentos para animales;182;59;301809751;0.02
2018;20203;Alimentos y bebidas;7299;934;14643968977;1.2
2018;10101;Alquiler de edificios, locales y terrenos;557;342;15721985109;1.28
2018;10103;Alquiler de equipo de cómputo;224;89;10074353290;0.82
2018;10104;Alquiler de equipo y derechos para telecomunicaciones;143;84;1827794298;0.15
2018;10102;Alquiler de maquinaria, equipo y mobiliario;3208;1389;19337836155;1.58
2018;60203;Ayudas a funcionarios;64;15;46405198;0
2018;60201;Becas a funcionarios;61;44;30363364;0
2018;60202;Becas a terceras personas;11;5;5648598;0
2018;59903;Bienes intangibles;1458;583;13622542522;1.11
2018;20101;Combustibles y lubricantes;3984;1829;5342446755;0.44
2018;10306;Comisiones y gastos por servicios financieros y comerciales;79;41;1894567138;0.15
2018;19905;Deducibles;17;13;6835705;0
2018;50201;Edificios;1375;502;1,83403E+11;14.97
2018;50302;Edificios preexistentes;8;5;281257930;0.02
2018;20503;Energía eléctrica;10;2;3716062;0
2018;50103;Equipo de comunicación;2595;948;13971079706;1.14
2018;50102;Equipo de transporte;1305;402;32950888483;2.69
2018;50106;Equipo sanitario, de laboratorio e investigación;4325;1202;49584815158;4.05
2018;50104;Equipo y mobiliario de oficina;5049;1590;10124556543;0.83
2018;50107;Equipo y mobiliario educacional, deportivo y recreativo;5228;554;9153451458;0.75
2018;50105;Equipo y programas de cómputo //(2019) Equipo de cómputo;5433;1640;77710531201;6.34
2018;19904;Gastos de misiones especiales en el exterior;2;0;0;0
2018;19903;Gastos de oficinas en el exterior;2;2;13220000;0
2018;10703;Gastos de representación institucional;8;7;1142725;0
2018;20401;Herramientas e instrumentos;12841;1379;2406700296;0.2
2018;10303;Impresión, encuadernación y otros;2568;572;1280319415;0.1
2018;10903;Impuestos de patentes;3;1;215775;0
2018;10301;Información;1725;1014;4605544503;0.38
2018;50207;Instalaciones;1058;479;39523858504;3.23
2018;19902;Intereses moratorios y multas;1;1;4067231;0
2018;20303;Madera y sus derivados;1499;432;1122698411;0.09
2018;10801;Mantenimiento de edificios, locales y terrenos;3496;1619;34581779054;2.82
2018;10803;Mantenimiento de instalaciones y otras obras;857;503;42524269823;3.47
2018;10802;Mantenimiento de vías de comunicación;363;188;12666282113;1.03
2018;10808;Mantenimiento y reparación de equipo de cómputo y sistemas de información;2210;1018;15236753907;1.24
2018;10806;Mantenimiento y reparación de equipo de comunicación;760;236;2230698020;0.18
2018;10805;Mantenimiento y reparación de equipo de transporte;7883;3720;5231105649;0.43
2018;10807;Mantenimiento y reparación de equipo y mobiliario de oficina;1355;517;1965596874;0.16
2018;10804;Mantenimiento y reparación de maquinaria y equipo de producción;3105;1253;5605599166;0.46
2018;10899;Mantenimiento y reparación de otros equipos;3758;1361;6912551690;0.56
2018;50199;Maquinaria, equipo y mobiliario diverso;6318;2192;19176025113;1.57
2018;50101;Maquinaria y equipo para la producción;2587;806;22488799153;1.84
2018;20501;Materia prima;236;49;7433425329;0.61
2018;20306;Materiales y productos de plástico;9642;943;2815593612;0.23
2018;20305;Materiales y productos de vidrio;210;89;74480974;0.01
2018;20304;Materiales y productos eléctricos, telefónicos y de cómputo;13614;1402;7683763942;0.63
2018;20301;Materiales y productos metálicos;17174;1836;12144538874;0.99
2018;20302;Materiales y productos minerales y asfálticos;6265;1674;62595068076;5.11
2018;99999;No afecta presupuesto institucional;40;13;524018449;0.04
2018;10603;Obligaciones por contratos de seguros;4018;1685;1766586364;0.14
2018;50204;Obras marítimas y fluviales;54;17;527093496;0.04
2018;50206;Obras urbanísticas;12;7;42984891;0
2018;50299;Otras construcciones, adiciones y mejoras;1992;822;32143377959;2.62
2018;50399;Otras obras preexistentes;3;2;863350;0
2018;60399;Otras prestaciones;49;28;144946507;0.01
2018;10199;Otros alquileres;194;136;1334609640;0.11
2018;59999;Otros bienes duraderos;362;68;7877080963;0.64
2018;20599;Otros bienes para la producción y comercialización;134;49;1560890920;0.13
2018;10999;Otros impuestos;9;5;16726719;0
2018;20399;Otros materiales y productos de uso en la construcción y mantenimiento;8761;818;2222555454;0.18
2018;20199;Otros productos químicos y conexos;8085;1307;4149776861;0.34
2018;10299;Otros servicios básicos;268;144;1876618345;0.15
2018;10499;Otros servicios de gestión y apoyo;5591;2010;28546210546;2.33
2018;19999;Otros servicios no especificados;825;391;2716899690;0.22
2018;29999;Otros útiles, materiales y suministros diversos;7606;1668;6412928847;0.52
2018;59902;Piezas y obras de colección;53;28;236652304;0.02
2018;20202;Productos agroforestales;479;82;491091339;0.04
2018;29903;Productos de papel, cartón e impresos;15583;1764;7235562466;0.59
2018;20102;Productos farmacéuticos y medicinales;3934;944;42271772682;3.45
2018;20201;Productos pecuarios y otras especies;55;27;841757709;0.07
2018;20502;Productos terminados;62;14;10308668646;0.84
2018;20103;Productos veterinarios;358;44;44321939;0
2018;10302;Publicidad y propaganda;3668;1408;18869532951;1.54
2018;20402;Repuestos y accesorios;25908;4189;13418843802;1.1
2018;10601;Seguros;68;39;500413582;0.04
2018;59901;Semovientes;39;16;434153125;0.04
2018;10201;Servicio de agua y alcantarillado;16;14;317143281;0.03
2018;10203;Servicio de correo;91;32;336346241;0.03
2018;10202;Servicio de energía eléctrica;11;9;335653387;0.03
2018;10204;Servicio de telecomunicaciones;216;130;14037565516;1.15
2018;10305;Servicios aduaneros;16;13;63790129;0.01
2018;10405;Servicios de desarrollo de sistemas informáticos //(2019) Servicios informáticos;524;356;15797425103;1.29
2018;10403;Servicios de ingeniería y arquitectura;1468;768;19255425466;1.57
2018;19901;Servicios de regulación;31;28;631559373;0.05
2018;10307;Servicios de transferencia electrónica de información //(2019)Servicios de tecnologías de información;522;197;2702520443;0.22
2018;10404;Servicios en ciencias económicas y sociales;1043;664;9094525165;0.74
2018;10406;Servicios generales;3354;1497;41293694417;3.37
2018;10402;Servicios jurídicos;408;287;3310709911;0.27
2018;10401;Servicios médicos y de laboratorio //(2019) Servicios en ciencias de la salud;554;186;2149482768;0.18
2018;50301;Terrenos;53;22;4332102718;0.35
2018;29904;Textiles y vestuario;8763;1597;5253944151;0.43
2018;20104;Tintas, pinturas y diluyentes;8910;1306;1998230162;0.16
2018;60501;Transferencias corrientes a empresas privadas;19;6;50319726;0
2018;10304;Transporte de bienes;264;103;732598696;0.06
2018;10501;Transporte dentro del país;1586;653;1516543154;0.12
2018;10503;Transporte en el exterior;1377;971;1134380830;0.09
2018;29907;Útiles y materiales de cocina y comedor;2589;229;383579232;0.03
2018;29905;Útiles y materiales de limpieza;7952;1051;1717186304;0.14
2018;29901;Útiles y materiales de oficina y cómputo;14847;1058;6514487281;0.53
2018;29906;Útiles y materiales de resguardo y seguridad;4592;883;1870659889;0.15
2018;29902;Útiles y materiales médico, hospitalario y de investigación;16802;1789;50985261878;4.16
2018;50202;Vías de comunicación terrestre;2239;817;57731879991;4.71
2018;50203;Vías férreas;10;7;961858919;0.08
2018;10502;Viáticos dentro del país;72;39;131775946;0.01
2018;10504;Viáticos en el exterior;37;16;30011703;0
2019;10701;Actividades de capacitación;7327;4309;12942477588;0.89
2019;10702;Actividades protocolarias y sociales;4133;1750;5011272978;0.34
2019;50205;Aeropuertos;5;3;803935607;0.06
2019;20204;Alimentos para animales;188;55;323048561;0.02
2019;20203;Alimentos y bebidas;8087;882;11933230941;0.82
2019;10101;Alquiler de edificios, locales y terrenos;667;505;67436286124;4.62
2019;10103;Alquiler de equipo de cómputo;203;96;8684597443;0.59
2019;10104;Alquiler de equipo y derechos para telecomunicaciones;84;73;1317029093;0.09
2019;10102;Alquiler de maquinaria, equipo y mobiliario;2909;1141;10514071136;0.72
2019;60203;Ayudas a funcionarios;20;5;11953140;0
2019;60201;Becas a funcionarios;26;15;18782672;0
2019;60202;Becas a terceras personas;11;7;42131503;0
2019;59903;Bienes intangibles;2238;1010;30659549291;2.1
2019;20101;Combustibles y lubricantes;3573;1671;4617179953;0.32
2019;10306;Comisiones y gastos por servicios financieros y comerciales;78;41;702692034;0.05
2019;19905;Deducibles;9;9;2217459;0
2019;50201;Edificios;635;403;213091000000;14.59
2019;50302;Edificios preexistentes;38;9;1234959437;0.08
2019;20503;Energía eléctrica;3;3;757943670;0.05
2019;50103;Equipo de comunicación;2126;848;11154796762;0.76
2019;50102;Equipo de transporte;1502;352;23100924537;1.58
2019;50106;Equipo sanitario, de laboratorio e investigación;4632;1198;51162256904;3.5
2019;50104;Equipo y mobiliario de oficina;4332;1348;7414958481;0.51
2019;50107;Equipo y mobiliario educacional, deportivo y recreativo;5044;532;12387294078;0.85
2019;50105;Equipo y programas de cómputo //(2019) Equipo de cómputo;3775;1346;108275000000;7.41
2019;19904;Gastos de misiones especiales en el exterior;5;2;9657445;0
2019;19903;Gastos de oficinas en el exterior;8;7;18983251;0
2019;10703;Gastos de representación institucional;14;8;31625186;0
2019;20401;Herramientas e instrumentos;10808;1278;2163502705;0.15
2019;10303;Impresión, encuadernación y otros;1741;530;1762964095;0.12
2019;10301;Información;1749;831;7898962979;0.54
2019;50207;Instalaciones;879;442;204195000000;13.98
2019;19902;Intereses moratorios y multas;2;2;2861872;0
2019;20303;Madera y sus derivados;1253;350;359237745;0.02
2019;10801;Mantenimiento de edificios, locales y terrenos;3457;1404;19584559236;1.34
2019;10803;Mantenimiento de instalaciones y otras obras;778;427;7558791479;0.52
2019;10802;Mantenimiento de vías de comunicación;305;148;16588161137;1.14
2019;10808;Mantenimiento y reparación de equipo de cómputo y sistemas de información;1715;816;25470328671;1.74
2019;10806;Mantenimiento y reparación de equipo de comunicación;444;225;4016930906;0.28
2019;10805;Mantenimiento y reparación de equipo de transporte;7795;3530;7537175298;0.52
2019;10807;Mantenimiento y reparación de equipo y mobiliario de oficina;1411;534;2844622991;0.19
2019;10804;Mantenimiento y reparación de maquinaria y equipo de producción;2870;1207;4218108297;0.29
2019;10899;Mantenimiento y reparación de otros equipos;5279;1452;26367964085;1.81
2019;50199;Maquinaria, equipo y mobiliario diverso;5948;2028;18811038386;1.29
2019;50101;Maquinaria y equipo para la producción;2601;690;30107481007;2.06
2019;20501;Materia prima;487;56;4684659064;0.32
2019;20306;Materiales y productos de plástico;7717;839;2303306767;0.16
2019;20305;Materiales y productos de vidrio;180;78;108591906;0.01
2019;20304;Materiales y productos eléctricos, telefónicos y de cómputo;9780;1239;16295483540;1.12
2019;20301;Materiales y productos metálicos;14886;1579;5943467066;0.41
2019;20302;Materiales y productos minerales y asfálticos;6136;1424;12670346015;0.87
2019;99999;No afecta presupuesto institucional;8;6;50261215;0
2019;10603;Obligaciones por contratos de seguros;3451;948;1692764281;0.12
2019;50204;Obras marítimas y fluviales;42;8;482452426;0.03
2019;50206;Obras urbanísticas;7;7;1401630539;0.1
2019;50299;Otras construcciones, adiciones y mejoras;2328;800;34238953516;2.34
2019;50399;Otras obras preexistentes;18;6;105044301;0.01
2019;60399;Otras prestaciones;24;8;13185939;0
2019;10199;Otros alquileres;251;156;16168706420;1.11
2019;59999;Otros bienes duraderos;453;76;721903498;0.05
2019;20599;Otros bienes para la producción y comercialización;186;54;1444120673;0.1
2019;10999;Otros impuestos;9;6;3068429;0
2019;20399;Otros materiales y productos de uso en la construcción y mantenimiento;7150;682;1509031747;0.1
2019;20199;Otros productos químicos y conexos;7048;1227;4587125839;0.31
2019;10299;Otros servicios básicos;311;175;3626770888;0.25
2019;10499;Otros servicios de gestión y apoyo;4843;1983;45208461711;3.1
2019;19999;Otros servicios no especificados;752;339;14688874208;1.01
2019;29999;Otros útiles, materiales y suministros diversos;5901;1321;5687710193;0.39
2019;59902;Piezas y obras de colección;114;30;176457507;0.01
2019;20202;Productos agroforestales;345;67;456200301;0.03
2019;29903;Productos de papel, cartón e impresos;11183;1487;3446015441;0.24
2019;20102;Productos farmacéuticos y medicinales;3298;911;34924395008;2.39
2019;20201;Productos pecuarios y otras especies;50;18;41609526;0
2019;20502;Productos terminados;4;4;238747806;0.02
2019;20103;Productos veterinarios;442;36;148353189;0.01
2019;10302;Publicidad y propaganda;2622;1029;16191685936;1.11
2019;20402;Repuestos y accesorios;23964;4180;18130857523;1.24
2019;10601;Seguros;73;37;2118011389;0.15
2019;59901;Semovientes;24;12;284936700;0.02
2019;10201;Servicio de agua y alcantarillado;15;6;46315916;0
2019;10203;Servicio de correo;95;36;737177651;0.05
2019;10202;Servicio de energía eléctrica;1;1;784297;0
2019;10204;Servicio de telecomunicaciones;185;117;2112450098;0.14
2019;10305;Servicios aduaneros;21;12;16153718;0
2019;10405;Servicios de desarrollo de sistemas informáticos //(2019) Servicios informáticos;449;314;4726279214;0.32
2019;10403;Servicios de ingeniería y arquitectura;1710;798;47353797651;3.24
2019;19901;Servicios de regulación;3;2;5735866;0
2019;10307;Servicios de transferencia electrónica de información //(2019)Servicios de tecnologías de información;636;292;6726254290;0.46
2019;10404;Servicios en ciencias económicas y sociales;1202;593;9377390842;0.64
2019;10406;Servicios generales;3436;1252;68279379652;4.67
2019;10402;Servicios jurídicos;443;307;2428403434;0.17
2019;10401;Servicios médicos y de laboratorio //(2019) Servicios en ciencias de la salud;521;207;7005643778;0.48
2019;50301;Terrenos;39;30;5953763117;0.41
2019;29904;Textiles y vestuario;8712;1497;4890545461;0.33
2019;20104;Tintas, pinturas y diluyentes;7639;1124;2481758295;0.17
2019;60501;Transferencias corrientes a empresas privadas;3;3;7053120;0
2019;10304;Transporte de bienes;265;125;539186745;0.04
2019;10501;Transporte dentro del país;1218;549;4860249579;0.33
2019;10503;Transporte en el exterior;1754;1229;1411808327;0.1
2019;29907;Útiles y materiales de cocina y comedor;2373;209;243261978;0.02
2019;29905;Útiles y materiales de limpieza;7590;933;1422580697;0.1
2019;29901;Útiles y materiales de oficina y cómputo;9363;869;1230032906;0.08
2019;29906;Útiles y materiales de resguardo y seguridad;4868;884;2753231141;0.19
2019;29902;Útiles y materiales médico, hospitalario y de investigación;15835;1746;18266000831;1.25
2019;50202;Vías de comunicación terrestre;2347;765;53217899288;3.64
2019;50203;Vías férreas;13;7;971555630;0.07
2019;10502;Viáticos dentro del país;94;42;506080734;0.03
2019;10504;Viáticos en el exterior;22;14;12918833;0
2020;10701;Actividades de capacitación;3754;2138;6029580481;0.53
2020;10702;Actividades protocolarias y sociales;952;370;6748667629;0.6
2020;50205;Aeropuertos;2;2;1746933474;0.15
2020;20204;Alimentos para animales;234;58;220032490;0.02
2020;20203;Alimentos y bebidas;7234;451;2586735549;0.23
2020;10101;Alquiler de edificios, locales y terrenos;491;324;17062609828;1.51
2020;10103;Alquiler de equipo de cómputo;298;94;3471422601;0.31
2020;10104;Alquiler de equipo y derechos para telecomunicaciones;100;72;414642840;0.04
2020;10102;Alquiler de maquinaria, equipo y mobiliario;1968;798;8468302031;0.75
2020;60203;Ayudas a funcionarios;75;4;13280544;0
2020;60201;Becas a funcionarios;3;2;102000;0
2020;59903;Bienes intangibles;2421;1063;44463128097;3.94
2020;20101;Combustibles y lubricantes;3087;1286;3266849703;0.29
2020;10306;Comisiones y gastos por servicios financieros y comerciales;88;31;2895732268;0.26
2020;19905;Deducibles;220;10;619510;0
2020;50201;Edificios;512;280;72119565485;6.4
2020;50302;Edificios preexistentes;15;9;12837100947;1.14
2020;20503;Energía eléctrica;1;0;0;0
2020;50103;Equipo de comunicación;1851;638;10189109375;0.9
2020;50102;Equipo de transporte;700;262;10447006396;0.93
2020;50106;Equipo sanitario, de laboratorio e investigación;3956;1046;44350244813;3.93
2020;50104;Equipo y mobiliario de oficina;3139;927;5213148590;0.46
2020;50107;Equipo y mobiliario educacional, deportivo y recreativo;5616;334;5775774003;0.51
2020;50105;Equipo y programas de cómputo //(2019) Equipo de cómputo;3367;1157;31616821456;2.8
2020;19904;Gastos de misiones especiales en el exterior;3;3;21619403;0
2020;20401;Herramientas e instrumentos;9852;1036;2060643495;0.18
2020;10303;Impresión, encuadernación y otros;843;308;585768567;0.05
2020;10902;Impuestos sobre bienes inmuebles;1;1;1000000;0
2020;10301;Información;975;539;4015917996;0.36
2020;50207;Instalaciones;656;370;75174559167;6.67
2020;20303;Madera y sus derivados;1239;299;250564569;0.02
2020;10801;Mantenimiento de edificios, locales y terrenos;2758;1149;21068239471;1.87
2020;10803;Mantenimiento de instalaciones y otras obras;852;461;10209087708;0.91
2020;10802;Mantenimiento de vías de comunicación;152;112;23010650045;2.04
2020;10808;Mantenimiento y reparación de equipo de cómputo y sistemas de información;1248;629;12328167876;1.09
2020;10806;Mantenimiento y reparación de equipo de comunicación;381;169;2054330396;0.18
2020;10805;Mantenimiento y reparación de equipo de transporte;6415;2908;9159733373;0.81
2020;10807;Mantenimiento y reparación de equipo y mobiliario de oficina;1188;377;2321504469;0.21
2020;10804;Mantenimiento y reparación de maquinaria y equipo de producción;2663;1190;3751799673;0.33
2020;10899;Mantenimiento y reparación de otros equipos;4548;1252;8527503962;0.76
2020;50199;Maquinaria, equipo y mobiliario diverso;4495;1474;12536876118;1.11
2020;50101;Maquinaria y equipo para la producción;2535;633;13328503282;1.18
2020;20501;Materia prima;252;47;12530152986;1.11
2020;20306;Materiales y productos de plástico;6664;623;1296925880;0.12
2020;20305;Materiales y productos de vidrio;244;76;51276618;0
2020;20304;Materiales y productos eléctricos, telefónicos y de cómputo;10328;991;6367431632;0.56
2020;20301;Materiales y productos metálicos;11649;1076;4312737259;0.38
2020;20302;Materiales y productos minerales y asfálticos;4869;931;10255416058;0.91
2020;99999;No afecta presupuesto institucional;3;3;4257439;0
2020;10603;Obligaciones por contratos de seguros;2389;769;2290473804;0.2
2020;50204;Obras marítimas y fluviales;10;4;1301666051;0.12
2020;50206;Obras urbanísticas;12;5;45843793;0
2020;50299;Otras construcciones, adiciones y mejoras;1308;556;25067108462;2.22
2020;50399;Otras obras preexistentes;2;2;11934873;0
2020;60399;Otras prestaciones;35;8;22443364;0
2020;10199;Otros alquileres;144;69;675756353;0.06
2020;59999;Otros bienes duraderos;269;54;1874419436;0.17
2020;20599;Otros bienes para la producción y comercialización;153;52;3934555434;0.35
2020;10999;Otros impuestos;2;2;497945;0
2020;20399;Otros materiales y productos de uso en la construcción y mantenimiento;7388;638;1720509650;0.15
2020;20199;Otros productos químicos y conexos;6351;1009;3687821915;0.33
2020;10299;Otros servicios básicos;344;97;32005092599;2.84
2020;10499;Otros servicios de gestión y apoyo;3812;1284;25751999678;2.28
2020;19999;Otros servicios no especificados;597;275;3162359445;0.28
2020;29999;Otros útiles, materiales y suministros diversos;4978;1082;9053856199;0.8
2020;59902;Piezas y obras de colección;60;12;42340684;0
2020;20202;Productos agroforestales;471;64;325716593;0.03
2020;29903;Productos de papel, cartón e impresos;6161;1062;7143795192;0.63
2020;20102;Productos farmacéuticos y medicinales;3401;917;32390159131;2.87
2020;20201;Productos pecuarios y otras especies;43;16;49941967;0
2020;20502;Productos terminados;4;4;425903430;0.04
2020;20103;Productos veterinarios;432;30;30192654;0
2020;10302;Publicidad y propaganda;1916;658;14168698614;1.26
2020;20402;Repuestos y accesorios;19127;3560;13597282147;1.21
2020;10601;Seguros;50;18;660632420;0.06
2020;59901;Semovientes;39;14;254691293;0.02
2020;10201;Servicio de agua y alcantarillado;8;4;7429000;0
2020;10203;Servicio de correo;65;29;366417679;0.03
2020;10202;Servicio de energía eléctrica;1;1;51600;0
2020;10204;Servicio de telecomunicaciones;237;96;6823990252;0.61
2020;10305;Servicios aduaneros;15;6;25521999;0
2020;10405;Servicios de desarrollo de sistemas informáticos //(2019) Servicios informáticos;404;265;9506393360;0.84
2020;10403;Servicios de ingeniería y arquitectura;1306;648;31348676252;2.78
2020;19901;Servicios de regulación;4;2;129101;0
2020;10307;Servicios de transferencia electrónica de información //(2019)Servicios de tecnologías de información;491;267;5834502216;0.52
2020;10404;Servicios en ciencias económicas y sociales;794;466;8586680898;0.76
2020;10406;Servicios generales;2489;995;235032000000;20.84
2020;10402;Servicios jurídicos;351;245;917156528;0.08
2020;10401;Servicios médicos y de laboratorio //(2019) Servicios en ciencias de la salud;786;239;15975945957;1.42
2020;50301;Terrenos;30;8;875375325;0.08
2020;29904;Textiles y vestuario;5654;985;3114337202;0.28
2020;20104;Tintas, pinturas y diluyentes;5413;788;965168808;0.09
2020;60501;Transferencias corrientes a empresas privadas;2;2;5286480;0
2020;10304;Transporte de bienes;309;99;472946079;0.04
2020;10501;Transporte dentro del país;738;339;757670425;0.07
2020;10503;Transporte en el exterior;217;133;319258651;0.03
2020;29907;Útiles y materiales de cocina y comedor;1753;163;214410958;0.02
2020;29905;Útiles y materiales de limpieza;8148;1051;2090357967;0.19
2020;29901;Útiles y materiales de oficina y cómputo;6893;595;870370084;0.08
2020;29906;Útiles y materiales de resguardo y seguridad;4141;899;5223984943;0.46
2020;29902;Útiles y materiales médico, hospitalario y de investigación;18146;1959;46616622182;4.13
2020;50202;Vías de comunicación terrestre;2683;498;45687838634;4.05
2020;50203;Vías férreas;10;6;1115903978;0.1
2020;10502;Viáticos dentro del país;82;21;19028856;0
2020;10504;Viáticos en el exterior;5;4;2105077;0
2021;10701;Actividades de capacitación;3479;2172;8562817683;1.14
2021;10702;Actividades protocolarias y sociales;1052;357;1027331440;0.14
2021;20204;Alimentos para animales;231;69;381197172;0.05
2021;20203;Alimentos y bebidas;4176;303;6517989147;0.87
2021;10101;Alquiler de edificios, locales y terrenos;291;194;5688502903;0.76
2021;10103;Alquiler de equipo de cómputo;514;124;5344993517;0.71
2021;10104;Alquiler de equipo y derechos para telecomunicaciones;310;87;1234425890;0.16
2021;10102;Alquiler de maquinaria, equipo y mobiliario;2481;932;8751279131;1.17
2021;60201;Becas a funcionarios;13;12;5370719;0
2021;59903;Bienes intangibles;2653;1158;49300873933;6.58
2021;20101;Combustibles y lubricantes;2762;1138;4134367166;0.55
2021;10306;Comisiones y gastos por servicios financieros y comerciales;125;38;788972252;0.11
2021;19905;Deducibles;10;5;1214887;0
2021;50201;Edificios;638;262;63842424227;8.52
2021;50302;Edificios preexistentes;20;3;1659480;0
2021;20503;Energía eléctrica;0;1;198898002;0.03
2021;50103;Equipo de comunicación;1762;600;4911963764;0.66
2021;50102;Equipo de transporte;426;219;12274130792;1.64
2021;50106;Equipo sanitario, de laboratorio e investigación;2512;704;17109675972;2.28
2021;50104;Equipo y mobiliario de oficina;2665;827;3336659299;0.45
2021;50107;Equipo y mobiliario educacional, deportivo y recreativo;2549;323;5005679263;0.67
2021;50105;Equipo y programas de cómputo //(2019) Equipo de cómputo;3008;1072;34858216925;4.65
2021;19904;Gastos de misiones especiales en el exterior;1;1;814940;0
2021;19903;Gastos de oficinas en el exterior;11;3;3220521;0
2021;10703;Gastos de representación institucional;3;2;277771;0
2021;20401;Herramientas e instrumentos;8914;960;1342917151;0.18
2021;10303;Impresión, encuadernación y otros;739;271;569097730;0.08
2021;10901;Impuestos sobre ingresos y utilidades;2;0;0;0
2021;10301;Información;1409;556;3558639972;0.48
2021;50207;Instalaciones;1073;348;30645722011;4.09
2021;19902;Intereses moratorios y multas;1;1;20595;0
2021;20303;Madera y sus derivados;1123;282;324929913;0.04
2021;10801;Mantenimiento de edificios, locales y terrenos;2321;968;11290898886;1.51
2021;10803;Mantenimiento de instalaciones y otras obras;867;411;7647180930;1.02
2021;10802;Mantenimiento de vías de comunicación;191;80;8437312811;1.13
2021;10808;Mantenimiento y reparación de equipo de cómputo y sistemas de información;1544;712;13224493455;1.77
2021;10806;Mantenimiento y reparación de equipo de comunicación;310;162;3197100527;0.43
2021;10805;Mantenimiento y reparación de equipo de transporte;6316;3059;3711867928;0.5
2021;10807;Mantenimiento y reparación de equipo y mobiliario de oficina;903;329;1774867227;0.24
2021;10804;Mantenimiento y reparación de maquinaria y equipo de producción;2255;976;6220363056;0.83
2021;10899;Mantenimiento y reparación de otros equipos;3676;1053;4215180754;0.56
2021;50199;Maquinaria, equipo y mobiliario diverso;4280;1483;11213552361;1.5
2021;50101;Maquinaria y equipo para la producción;2508;730;14778767390;1.97
2021;20501;Materia prima;176;42;4098321812;0.55
2021;20306;Materiales y productos de plástico;8162;692;3352966908;0.45
2021;20305;Materiales y productos de vidrio;154;63;95291186;0.01
2021;20304;Materiales y productos eléctricos, telefónicos y de cómputo;9683;1066;7744910078;1.03
2021;20301;Materiales y productos metálicos;11200;1176;4540679023;0.61
2021;20302;Materiales y productos minerales y asfálticos;4479;1048;6698291118;0.89
2021;99999;No afecta presupuesto institucional;3;4;22546053;0
2021;10603;Obligaciones por contratos de seguros;2732;785;2459454085;0.33
2021;50204;Obras marítimas y fluviales;31;9;5069001049;0.68
2021;50206;Obras urbanísticas;47;19;965294229;0.13
2021;50299;Otras construcciones, adiciones y mejoras;1903;645;24145358720;3.22
2021;50399;Otras obras preexistentes;11;3;96013430;0.01
2021;10199;Otros alquileres;206;65;808024188;0.11
2021;59999;Otros bienes duraderos;161;58;955262155;0.13
2021;20599;Otros bienes para la producción y comercialización;109;36;7864706429;1.05
2021;10999;Otros impuestos;3;2;0;0
2021;20399;Otros materiales y productos de uso en la construcción y mantenimiento;8377;658;1090286119;0.15
2021;20199;Otros productos químicos y conexos;5637;896;18798148040;2.51
2021;10299;Otros servicios básicos;213;102;1065721444;0.14
2021;10499;Otros servicios de gestión y apoyo;4470;1586;16447890087;2.2
2021;19999;Otros servicios no especificados;762;251;1586723181;0.21
2021;29999;Otros útiles, materiales y suministros diversos;5400;874;2600303119;0.35
2021;59902;Piezas y obras de colección;17;5;22731180;0
2021;20202;Productos agroforestales;665;59;897566574;0.12
2021;29903;Productos de papel, cartón e impresos;5507;929;6260779743;0.84
2021;20102;Productos farmacéuticos y medicinales;3508;884;30775585800;4.11
2021;20201;Productos pecuarios y otras especies;57;24;93786534;0.01
2021;20502;Productos terminados;92;2;167381250;0.02
2021;20103;Productos veterinarios;361;26;32634086;0
2021;10302;Publicidad y propaganda;1564;611;27701264529;3.7
2021;20402;Repuestos y accesorios;18187;3773;11444671721;1.53
2021;10601;Seguros;34;26;287178640;0.04
2021;59901;Semovientes;56;18;380401874;0.05
2021;10201;Servicio de agua y alcantarillado;5;2;764100;0
2021;10203;Servicio de correo;46;24;633553566;0.08
2021;10202;Servicio de energía eléctrica;2;1;6349000;0
2021;10204;Servicio de telecomunicaciones;352;110;6428209972;0.86
2021;10305;Servicios aduaneros;14;6;776567;0
2021;10405;Servicios de desarrollo de sistemas informáticos //(2019) Servicios informáticos;453;256;15163404194;2.02
2021;10403;Servicios de ingeniería y arquitectura;1902;695;8294798625;1.11
2021;19901;Servicios de regulación;2;2;13431199;0
2021;10307;Servicios de transferencia electrónica de información //(2019)Servicios de tecnologías de información;607;290;8717452043;1.16
2021;10404;Servicios en ciencias económicas y sociales;949;499;5138630344;0.69
2021;10406;Servicios generales;3080;884;30824261751;4.12
2021;10402;Servicios jurídicos;388;227;3513623157;0.47
2021;10401;Servicios médicos y de laboratorio //(2019) Servicios en ciencias de la salud;815;202;30642043367;4.09
2021;50301;Terrenos;25;6;510460469;0.07
2021;29904;Textiles y vestuario;5789;975;2329565457;0.31
2021;20104;Tintas, pinturas y diluyentes;5549;809;896153728;0.12
2021;60501;Transferencias corrientes a empresas privadas;1;0;0;0
2021;10304;Transporte de bienes;648;102;388577490;0.05
2021;10501;Transporte dentro del país;1055;506;676284205;0.09
2021;10503;Transporte en el exterior;260;175;1834787515;0.24
2021;29907;Útiles y materiales de cocina y comedor;1303;147;138670620;0.02
2021;29905;Útiles y materiales de limpieza;5807;775;1132019774;0.15
2021;29901;Útiles y materiales de oficina y cómputo;6397;585;606907874;0.08
2021;29906;Útiles y materiales de resguardo y seguridad;4462;813;2296029403;0.31
2021;29902;Útiles y materiales médico, hospitalario y de investigación;13200;1429;45984801679;6.14
2021;50202;Vías de comunicación terrestre;2042;581;37627180106;5.02
2021;50203;Vías férreas;10;9;1098201104;0.15
2021;10502;Viáticos dentro del país;65;22;5315209;0
2021;10504;Viáticos en el exterior;2;1;1254480;0
2022;10701;Actividades de capacitación;4095;2459;6803560481;0.62
2022;10702;Actividades protocolarias y sociales;2778;703;2833496784;0.26
2022;50205;Aeropuertos;8;6;2437519120;0.22
2022;20204;Alimentos para animales;229;62;237628755;0.02
2022;20203;Alimentos y bebidas;6051;447;810905383;0.07
2022;10101;Alquiler de edificios, locales y terrenos;463;194;42912607455;3.93
2022;10103;Alquiler de equipo de cómputo;471;147;7740951404;0.71
2022;10104;Alquiler de equipo y derechos para telecomunicaciones;193;47;329563648;0.03
2022;10102;Alquiler de maquinaria, equipo y mobiliario;2133;794;13565060032;1.24
2022;60201;Becas a funcionarios;13;12;2319591;0
2022;60202;Becas a terceras personas;5;3;31204604;0
2022;59903;Bienes intangibles;2664;1087;49732039391;4.55
2022;20101;Combustibles y lubricantes;3020;1005;4850062948;0.44
2022;10306;Comisiones y gastos por servicios financieros y comerciales;57;38;2610739183;0.24
2022;19905;Deducibles;10;2;2004011;0
2022;50201;Edificios;584;262;29735212956;2.72
2022;50302;Edificios preexistentes;5;3;699125858;0.06
2022;20503;Energía eléctrica;1;0;0;0
2022;50103;Equipo de comunicación;1596;563;5867148600;0.54
2022;50102;Equipo de transporte;934;224;12940121357;1.18
2022;50106;Equipo sanitario, de laboratorio e investigación;3088;797;17837647509;1.63
2022;50104;Equipo y mobiliario de oficina;2972;748;4203245108;0.38
2022;50107;Equipo y mobiliario educacional, deportivo y recreativo;5956;346;4296782757;0.39
2022;50105;Equipo y programas de cómputo //(2019) Equipo de cómputo;3015;994;27537654573;2.52
2022;19904;Gastos de misiones especiales en el exterior;1;1;413844;0
2022;10703;Gastos de representación institucional;7;5;2255398;0
2022;20401;Herramientas e instrumentos;9065;850;1586939316;0.15
2022;10303;Impresión, encuadernación y otros;953;275;454445868;0.04
2022;10301;Información;882;406;1310810943;0.12
2022;50207;Instalaciones;485;176;17396751439;1.59
2022;19902;Intereses moratorios y multas;1;1;0;0
2022;20303;Madera y sus derivados;1106;311;478933744;0.04
2022;10801;Mantenimiento de edificios, locales y terrenos;3183;894;12753369083;1.17
2022;10803;Mantenimiento de instalaciones y otras obras;1943;381;5445443063;0.5
2022;10802;Mantenimiento de vías de comunicación;232;110;42976055445;3.93
2022;10808;Mantenimiento y reparación de equipo de cómputo y sistemas de información;2080;630;27010609827;2.47
2022;10806;Mantenimiento y reparación de equipo de comunicación;290;143;8716794224;0.8
2022;10805;Mantenimiento y reparación de equipo de transporte;5976;2436;4339462193;0.4
2022;10807;Mantenimiento y reparación de equipo y mobiliario de oficina;1571;308;1375548133;0.13
2022;10804;Mantenimiento y reparación de maquinaria y equipo de producción;2265;871;3451217374;0.32
2022;10899;Mantenimiento y reparación de otros equipos;5193;1189;3698053931;0.34
2022;50199;Maquinaria, equipo y mobiliario diverso;4574;1402;13129482002;1.2
2022;50101;Maquinaria y equipo para la producción;1915;606;12710474722;1.16
2022;20501;Materia prima;1360;33;5105551507;0.47
2022;20306;Materiales y productos de plástico;5994;539;1531006976;0.14
2022;20305;Materiales y productos de vidrio;143;34;51020251;0
2022;20304;Materiales y productos eléctricos, telefónicos y de cómputo;8286;862;14016969807;1.28
2022;20301;Materiales y productos metálicos;11350;1095;8131648697;0.74
2022;20302;Materiales y productos minerales y asfálticos;3872;854;12998729422;1.19
2022;99999;No afecta presupuesto institucional;3;2;105336300;0.01
2022;10603;Obligaciones por contratos de seguros;3884;705;1838695673;0.17
2022;50204;Obras marítimas y fluviales;17;10;176444764;0.02
2022;50206;Obras urbanísticas;110;12;321355650;0.03
2022;50299;Otras construcciones, adiciones y mejoras;1339;555;340322030033;31.13
2022;50399;Otras obras preexistentes;11;5;34001108;0
2022;60399;Otras prestaciones;1;1;10000000;0
2022;10199;Otros alquileres;176;83;744528987;0.07
2022;59999;Otros bienes duraderos;293;50;914671291;0.08
2022;20599;Otros bienes para la producción y comercialización;159;42;516938996;0.05
2022;10999;Otros impuestos;7;6;1465056;0
2022;20399;Otros materiales y productos de uso en la construcción y mantenimiento;5416;486;1322814884;0.12
2022;20199;Otros productos químicos y conexos;5979;886;3451278983;0.32
2022;10299;Otros servicios básicos;299;111;1895852762;0.17
2022;10499;Otros servicios de gestión y apoyo;4451;1597;22854301783;2.09
2022;19999;Otros servicios no especificados;791;205;6764748331;0.62
2022;29999;Otros útiles, materiales y suministros diversos;5962;1056;5458096134;0.5
2022;59902;Piezas y obras de colección;23;14;165542492;0.02
2022;20202;Productos agroforestales;1006;63;239420306;0.02
2022;29903;Productos de papel, cartón e impresos;5934;960;3863998265;0.35
2022;20102;Productos farmacéuticos y medicinales;3720;898;25379285419;2.32
2022;20201;Productos pecuarios y otras especies;63;16;66991922;0.01
2022;20502;Productos terminados;10;7;1533747775;0.14
2022;20103;Productos veterinarios;313;21;26005900;0
2022;10302;Publicidad y propaganda;1692;642;10466554750;0.96
2022;20402;Repuestos y accesorios;16758;3260;12321152910;1.13
2022;10601;Seguros;151;37;704945409;0.06
2022;59901;Semovientes;41;13;308366800;0.03
2022;10201;Servicio de agua y alcantarillado;16;2;655450;0
2022;10203;Servicio de correo;65;20;119874924;0.01
2022;10202;Servicio de energía eléctrica;1;1;26835480;0
2022;10204;Servicio de telecomunicaciones;707;125;819389488;0.07
2022;10305;Servicios aduaneros;8;8;2410899;0
2022;10405;Servicios de desarrollo de sistemas informáticos //(2019) Servicios informáticos;446;210;6085646301;0.56
2022;10403;Servicios de ingeniería y arquitectura;1595;655;12186896426;1.11
2022;19901;Servicios de regulación;7;3;17759057;0
2022;10307;Servicios de transferencia electrónica de información //(2019)Servicios de tecnologías de información;718;322;53503988495;4.89
2022;10404;Servicios en ciencias económicas y sociales;1144;491;10159953233;0.93
2022;10406;Servicios generales;3290;855;24089324632;2.2
2022;10402;Servicios jurídicos;348;228;2484769404;0.23
2022;10401;Servicios médicos y de laboratorio //(2019) Servicios en ciencias de la salud;824;225;2621446437;0.24
2022;50301;Terrenos;33;14;1729898087;0.16
2022;29904;Textiles y vestuario;6160;980;3094412568;0.28
2022;20104;Tintas, pinturas y diluyentes;4550;696;961030342;0.09
2022;10304;Transporte de bienes;283;103;311828916;0.03
2022;10501;Transporte dentro del país;1323;439;810469126;0.07
2022;10503;Transporte en el exterior;673;440;550334995;0.05
2022;29907;Útiles y materiales de cocina y comedor;1559;154;164406200;0.02
2022;29905;Útiles y materiales de limpieza;6455;779;1355658668;0.12
2022;29901;Útiles y materiales de oficina y cómputo;6114;545;656846178;0.06
2022;29906;Útiles y materiales de resguardo y seguridad;4241;732;1964888650;0.18
2022;29902;Útiles y materiales médico, hospitalario y de investigación;17108;1659;45577714275;4.17
2022;50202;Vías de comunicación terrestre;2639;636;44912121748;4.11
2022;50203;Vías férreas;7;5;334716706;0.03
2022;10502;Viáticos dentro del país;53;28;21675213;0
2022;10504;Viáticos en el exterior;2;1;1345000;0
2023;10701;Actividades de capacitación;5779;2873;6278777568;0.75
2023;10702;Actividades protocolarias y sociales;3465;658;2785949613;0.33
2023;50205;Aeropuertos;4;3;102550024;0.01
2023;20204;Alimentos para animales;183;50;210600710;0.03
2023;20203;Alimentos y bebidas;6212;392;8010842218;0.95
2023;10101;Alquiler de edificios, locales y terrenos;234;150;8360435500;0.99
2023;10103;Alquiler de equipo de cómputo;509;156;4025290348;0.48
2023;10104;Alquiler de equipo y derechos para telecomunicaciones;83;30;3117447634;0.37
2023;10102;Alquiler de maquinaria, equipo y mobiliario;2074;573;7813521719;0.93
2023;60201;Becas a funcionarios;42;41;11901039;0
2023;59903;Bienes intangibles;2871;877;36994168444;4.4
2023;20101;Combustibles y lubricantes;2071;526;11278270024;1.34
2023;10306;Comisiones y gastos por servicios financieros y comerciales;40;23;74356246;0.01
2023;19905;Deducibles;17;4;150000;0
2023;50201;Edificios;461;228;37958060533;4.52
2023;50302;Edificios preexistentes;7;3;238036000;0.03
2023;50103;Equipo de comunicación;1719;435;8188931562;0.97
2023;50102;Equipo de transporte;469;202;12747634166;1.52
2023;50106;Equipo sanitario, de laboratorio e investigación;2209;522;22249519788;2.65
2023;50104;Equipo y mobiliario de oficina;2127;484;2250136117;0.27
2023;50107;Equipo y mobiliario educacional, deportivo y recreativo;7378;304;4584278879;0.55
2023;50105;Equipo y programas de cómputo //(2019) Equipo de cómputo;2925;794;17538379089;2.09
2023;19904;Gastos de misiones especiales en el exterior;1;1;35757150;0
2023;19903;Gastos de oficinas en el exterior;2;2;532136;0
2023;10703;Gastos de representación institucional;5;4;1877779;0
2023;20401;Herramientas e instrumentos;8012;625;797528480;0.09
2023;10303;Impresión, encuadernación y otros;910;235;376826754;0.04
2023;10301;Información;674;293;1509625103;0.18
2023;50207;Instalaciones;696;153;21461063846;2.55
2023;19902;Intereses moratorios y multas;1;0;0;0
2023;20303;Madera y sus derivados;864;188;386280996;0.05
2023;10801;Mantenimiento de edificios, locales y terrenos;2575;736;15420896686;1.83
2023;10803;Mantenimiento de instalaciones y otras obras;899;251;6018802846;0.72
2023;10802;Mantenimiento de vías de comunicación;132;62;30247412896;3.6
2023;10808;Mantenimiento y reparación de equipo de cómputo y sistemas de información;948;486;8612685871;1.02
2023;10806;Mantenimiento y reparación de equipo de comunicación;258;122;9925226491;1.18
2023;10805;Mantenimiento y reparación de equipo de transporte;4697;1464;2822954965;0.34
2023;10807;Mantenimiento y reparación de equipo y mobiliario de oficina;1054;264;1563223874;0.19
2023;10804;Mantenimiento y reparación de maquinaria y equipo de producción;1365;557;1975605285;0.24
2023;10899;Mantenimiento y reparación de otros equipos;5695;940;4739185275;0.56
2023;50199;Maquinaria, equipo y mobiliario diverso;3864;1009;9567195418;1.14
2023;50101;Maquinaria y equipo para la producción;1613;366;10222793320;1.22
2023;20501;Materia prima;189;31;3577321790;0.43
2023;20306;Materiales y productos de plástico;5327;357;727185806;0.09
2023;20305;Materiales y productos de vidrio;115;27;126485000;0.02
2023;20304;Materiales y productos eléctricos, telefónicos y de cómputo;8078;622;8486094644;1.01
2023;20301;Materiales y productos metálicos;8752;676;2968268859;0.35
2023;20302;Materiales y productos minerales y asfálticos;3479;535;5841837041;0.69
2023;10603;Obligaciones por contratos de seguros;1804;87;1447601502;0.17
2023;50204;Obras marítimas y fluviales;11;3;1101379040;0.13
2023;50206;Obras urbanísticas;6;4;841916656;0.1
2023;50299;Otras construcciones, adiciones y mejoras;1475;427;28386630267;3.38
2023;50399;Otras obras preexistentes;3;1;68005000;0.01
2023;10199;Otros alquileres;216;92;44820662869;5.33
2023;59999;Otros bienes duraderos;114;37;591153069;0.07
2023;20599;Otros bienes para la producción y comercialización;183;35;781998070;0.09
2023;10999;Otros impuestos;1;1;0;0
2023;20399;Otros materiales y productos de uso en la construcción y mantenimiento;3373;409;1338347756;0.16
2023;20199;Otros productos químicos y conexos;5796;602;1522922280;0.18
2023;10299;Otros servicios básicos;200;81;748186507;0.09
2023;10499;Otros servicios de gestión y apoyo;3094;1309;20710417842;2.46
2023;19999;Otros servicios no especificados;551;206;1668779168;0.2
2023;29999;Otros útiles, materiales y suministros diversos;5278;772;1905932547;0.23
2023;59902;Piezas y obras de colección;15;10;142468731;0.02
2023;20202;Productos agroforestales;398;46;299797850;0.04
2023;29903;Productos de papel, cartón e impresos;4119;677;4952430711;0.59
2023;20102;Productos farmacéuticos y medicinales;3044;693;12376951038;1.47
2023;20201;Productos pecuarios y otras especies;40;10;7926930;0
2023;20502;Productos terminados;2;2;402446300;0.05
2023;20103;Productos veterinarios;209;13;19286837;0
2023;10302;Publicidad y propaganda;1736;533;6267661584;0.75
2023;10602;Reaseguros;2;1;1172833;0
2023;20402;Repuestos y accesorios;18631;2014;8678094023;1.03
2023;10601;Seguros;237;52;952191954;0.11
2023;59901;Semovientes;41;7;271025075;0.03
2023;10201;Servicio de agua y alcantarillado;2;2;20980386;0
2023;10203;Servicio de correo;38;22;188259163;0.02
2023;10202;Servicio de energía eléctrica;2;0;0;0
2023;10204;Servicio de telecomunicaciones;493;146;285944119;0.03
2023;10305;Servicios aduaneros;25;13;4566402;0
2023;10405;Servicios de desarrollo de sistemas informáticos //(2019) Servicios informáticos;325;162;5208115233;0.62
2023;10403;Servicios de ingeniería y arquitectura;1754;508;17226496204;2.05
2023;19901;Servicios de regulación;1;1;7916684;0
2023;10307;Servicios de transferencia electrónica de información //(2019)Servicios de tecnologías de información;705;281;8061597620;0.96
2023;10404;Servicios en ciencias económicas y sociales;769;380;8205105830;0.98
2023;10406;Servicios generales;2439;678;24781415704;2.95
2023;10402;Servicios jurídicos;239;120;388462233;0.05
2023;10401;Servicios médicos y de laboratorio //(2019) Servicios en ciencias de la salud;570;212;48213697574;5.74
2023;50301;Terrenos;36;17;1684499896;0.2
2023;29904;Textiles y vestuario;5683;718;1963812936;0.23
2023;20104;Tintas, pinturas y diluyentes;4580;535;1048474686;0.12
2023;10304;Transporte de bienes;227;78;1202467231;0.14
2023;10501;Transporte dentro del país;1273;353;382767799;0.05
2023;10503;Transporte en el exterior;920;692;876766991;0.1
2023;29907;Útiles y materiales de cocina y comedor;1559;124;110488597;0.01
2023;29905;Útiles y materiales de limpieza;4678;540;747434790;0.09
2023;29901;Útiles y materiales de oficina y cómputo;6295;440;457015012;0.05
2023;29906;Útiles y materiales de resguardo y seguridad;3655;478;1350794148;0.16
2023;29902;Útiles y materiales médico, hospitalario y de investigación;14979;1405;16765280938;1.99
2023;50202;Vías de comunicación terrestre;2244;446;218521000000;26
2023;50203;Vías férreas;26;4;251258878;0.03
2023;10502;Viáticos dentro del país;63;18;104726872;0.01
2023;10504;Viáticos en el exterior;23;22;27478031;0
2024;10701;Actividades de capacitación;6056;3170;7017577645;0.45
2024;10702;Actividades protocolarias y sociales;2446;742;3650093252;0.23
2024;50205;Aeropuertos;3;3;21947719520;1.4
2024;20204;Alimentos para animales;240;47;176821068;0.01
2024;20203;Alimentos y bebidas;4260;322;624069511;0.04
2024;10101;Alquiler de edificios, locales y terrenos;387;167;4896927682;0.31
2024;10103;Alquiler de equipo de cómputo;325;93;3349640667;0.21
2024;10104;Alquiler de equipo y derechos para telecomunicaciones;47;27;783227070;0.05
2024;10102;Alquiler de maquinaria, equipo y mobiliario;1888;619;6965328560;0.44
2024;59903;Bienes intangibles;3028;976;35202251580;2.24
2024;20101;Combustibles y lubricantes;1835;462;1689918513;0.11
2024;10306;Comisiones y gastos por servicios financieros y comerciales;118;70;249718298;0.02
2024;19905;Deducibles;30;17;344391;0
2024;50201;Edificios;500;232;2,99E+11;19.01
2024;50302;Edificios preexistentes;4;4;3807877207;0.24
2024;20503;Energía eléctrica;1;1;5227927;0
2024;50103;Equipo de comunicación;1881;529;7101689909;0.45
2024;50102;Equipo de transporte;594;252;37769306110;2.4
2024;50106;Equipo sanitario, de laboratorio e investigación;3080;607;21654763926;1.38
2024;50104;Equipo y mobiliario de oficina;2426;646;3730855153;0.24
2024;50107;Equipo y mobiliario educacional, deportivo y recreativo;7310;318;7409783696;0.47
2024;50105;Equipo y programas de cómputo //(2019) Equipo de cómputo;3694;898;23595041424;1.5
2024;19904;Gastos de misiones especiales en el exterior;2;2;613659;0
2024;10703;Gastos de representación institucional;3;3;178000;0
2024;20401;Herramientas e instrumentos;7593;754;1529371524;0.1
2024;10303;Impresión, encuadernación y otros;1209;233;438274975;0.03
2024;10901;Impuestos sobre ingresos y utilidades;2;2;360000;0
2024;10301;Información;1043;327;2143235447;0.14
2024;50207;Instalaciones;5091;159;55289150170;3.52
2024;20303;Madera y sus derivados;876;172;367407889;0.02
2024;10801;Mantenimiento de edificios, locales y terrenos;3157;775;13546783984;0.86
2024;10803;Mantenimiento de instalaciones y otras obras;1610;253;10362878028;0.66
2024;10802;Mantenimiento de vías de comunicación;144;37;12584201769;0.8
2024;10808;Mantenimiento y reparación de equipo de cómputo y sistemas de información;1544;453;6866555781;0.44
2024;10806;Mantenimiento y reparación de equipo de comunicación;254;120;8032943757;0.51
2024;10805;Mantenimiento y reparación de equipo de transporte;5229;1798;3423960140;0.22
2024;10807;Mantenimiento y reparación de equipo y mobiliario de oficina;1340;288;2032382218;0.13
2024;10804;Mantenimiento y reparación de maquinaria y equipo de producción;1872;647;17718588589;1.13
2024;10899;Mantenimiento y reparación de otros equipos;6920;1065;4350732849;0.28
2024;50199;Maquinaria, equipo y mobiliario diverso;4794;1221;15541228972;0.99
2024;50101;Maquinaria y equipo para la producción;1957;460;1,39E+11;8.82
2024;20501;Materia prima;599;33;6190298269;0.39
2024;20306;Materiales y productos de plástico;5638;412;792221291;0.05
2024;20305;Materiales y productos de vidrio;74;37;69419814;0
2024;20304;Materiales y productos eléctricos, telefónicos y de cómputo;8098;695;5759390806;0.37
2024;20301;Materiales y productos metálicos;10466;723;3712855696;0.24
2024;20302;Materiales y productos minerales y asfálticos;2499;473;3249501788;0.21
2024;10603;Obligaciones por contratos de seguros;2185;85;2120956392;0.13
2024;50204;Obras marítimas y fluviales;35;31;17187616995;1.09
2024;50206;Obras urbanísticas;8;3;32626727;0
2024;50299;Otras construcciones, adiciones y mejoras;1582;468;27918332303;1.78
2024;50399;Otras obras preexistentes;18;6;49467315;0
2024;10199;Otros alquileres;216;97;1532029402;0.1
2024;59999;Otros bienes duraderos;97;33;701883809;0.04
2024;20599;Otros bienes para la producción y comercialización;616;46;25984230996;1.65
2024;10999;Otros impuestos;1;1;562600;0
2024;20399;Otros materiales y productos de uso en la construcción y mantenimiento;4674;390;811608344;0.05
2024;20199;Otros productos químicos y conexos;5752;639;2857396572;0.18
2024;10299;Otros servicios básicos;284;73;490161331;0.03
2024;10499;Otros servicios de gestión y apoyo;5108;1394;14250632533;0.91
2024;19999;Otros servicios no especificados;1135;276;4915617721;0.31
2024;29999;Otros útiles, materiales y suministros diversos;5940;790;1872071420;0.12
2024;59902;Piezas y obras de colección;32;8;139733102;0.01
2024;20202;Productos agroforestales;561;52;223539003;0.01
2024;29903;Productos de papel, cartón e impresos;5489;721;30609161856;1.95
2024;20102;Productos farmacéuticos y medicinales;3065;596;6294141400;0.4
2024;20201;Productos pecuarios y otras especies;57;18;46887291;0
2024;20103;Productos veterinarios;403;16;50550823;0
2024;10302;Publicidad y propaganda;1801;563;7278875120;0.46
2024;20402;Repuestos y accesorios;22173;2264;14756514922;0.94
2024;10601;Seguros;294;77;1003226689;0.06
2024;59901;Semovientes;46;15;368905847;0.02
2024;10201;Servicio de agua y alcantarillado;123;2;3942234;0
2024;10203;Servicio de correo;89;19;154185710;0.01
2024;10202;Servicio de energía eléctrica;4;3;123242851;0.01
2024;10204;Servicio de telecomunicaciones;618;113;1193057926;0.08
2024;10305;Servicios aduaneros;22;12;15607688;0
2024;10405;Servicios de desarrollo de sistemas informáticos //(2019) Servicios informáticos;428;165;2147165780;0.14
2024;10403;Servicios de ingeniería y arquitectura;1679;483;10467484084;0.67
2024;19901;Servicios de regulación;1;0;0;0
2024;10307;Servicios de transferencia electrónica de información //(2019)Servicios de tecnologías de información;881;353;5049735155;0.32
2024;10404;Servicios en ciencias económicas y sociales;940;450;5624265125;0.36
2024;10406;Servicios generales;3377;787;28437573771;1.81
2024;10402;Servicios jurídicos;223;129;416516534;0.03
2024;10401;Servicios médicos y de laboratorio //(2019) Servicios en ciencias de la salud;687;178;4,77E+11;30.36
2024;50301;Terrenos;26;17;4759005773;0.3
2024;29904;Textiles y vestuario;5809;791;2675733273;0.17
2024;20104;Tintas, pinturas y diluyentes;5093;580;815269269;0.05
2024;10304;Transporte de bienes;526;102;417980779;0.03
2024;10501;Transporte dentro del país;1411;424;746557277;0.05
2024;10503;Transporte en el exterior;1274;868;1012124326;0.06
2024;29907;Útiles y materiales de cocina y comedor;1388;111;93391263;0.01
2024;29905;Útiles y materiales de limpieza;5250;548;1270861429;0.08
2024;29901;Útiles y materiales de oficina y cómputo;9364;523;629729264;0.04
2024;29906;Útiles y materiales de resguardo y seguridad;4545;541;2230344603;0.14
2024;29902;Útiles y materiales médico, hospitalario y de investigación;17812;1309;9943691734;0.63
2024;50202;Vías de comunicación terrestre;2540;423;51836923460;3.3
2024;10502;Viáticos dentro del país;77;13;42167471;0
2024;10504;Viáticos en el exterior;7;5;13686145;0
2025;10701;Actividades de capacitación;5931;3042;6763200675;0.87
2025;10702;Actividades protocolarias y sociales;1621;445;5869255886;0.75
2025;50205;Aeropuertos;8;0;0;0
2025;20204;Alimentos para animales;186;35;120243489;0.02
2025;20203;Alimentos y bebidas;3311;198;617918703;0.08
2025;10101;Alquiler de edificios, locales y terrenos;269;117;15288089935;1.96
2025;10103;Alquiler de equipo de cómputo;274;62;2902937778;0.37
2025;10104;Alquiler de equipo y derechos para telecomunicaciones;73;24;3272508847;0.42
2025;10102;Alquiler de maquinaria, equipo y mobiliario;1573;478;7596683949;0.97
2025;59903;Bienes intangibles;1968;648;39510090185;5.07
2025;20101;Combustibles y lubricantes;1151;332;769126626;0.1
2025;10306;Comisiones y gastos por servicios financieros y comerciales;98;68;40189473;0.01
2025;19905;Deducibles;3;3;506728;0
2025;50201;Edificios;379;167;43775652048;5.61
2025;50302;Edificios preexistentes;11;3;1281962817;0.16
2025;20503;Energía eléctrica;1;1;0;0
2025;50103;Equipo de comunicación;1799;349;5557616232;0.71
2025;50102;Equipo de transporte;478;182;30662682098;3.93
2025;50106;Equipo sanitario, de laboratorio e investigación;2349;516;19985465390;2.56
2025;50104;Equipo y mobiliario de oficina;1903;381;2407317556;0.31
2025;50107;Equipo y mobiliario educacional, deportivo y recreativo;9662;364;10012925205;1.28
2025;50105;Equipo y programas de cómputo //(2019) Equipo de cómputo;2171;536;16778779427;2.15
2025;10703;Gastos de representación institucional;9;4;1743875;0
2025;20401;Herramientas e instrumentos;5079;412;1020077667;0.13
2025;10303;Impresión, encuadernación y otros;687;147;1533337487;0.2
2025;10301;Información;744;187;1093604376;0.14
2025;50207;Instalaciones;325;102;24838863857;3.18
2025;19902;Intereses moratorios y multas;2;1;0;0
2025;20303;Madera y sus derivados;658;101;169539079;0.02
2025;10801;Mantenimiento de edificios, locales y terrenos;2177;542;16416673173;2.1
2025;10803;Mantenimiento de instalaciones y otras obras;674;168;15165924632;1.94
2025;10802;Mantenimiento de vías de comunicación;94;42;2198639221;0.28
2025;10808;Mantenimiento y reparación de equipo de cómputo y sistemas de información;819;367;8329947631;1.07
2025;10806;Mantenimiento y reparación de equipo de comunicación;226;77;1207616334;0.15
2025;10805;Mantenimiento y reparación de equipo de transporte;4766;1327;2965988887;0.38
2025;10807;Mantenimiento y reparación de equipo y mobiliario de oficina;1536;194;2069964866;0.27
2025;10804;Mantenimiento y reparación de maquinaria y equipo de producción;1300;439;4113871877;0.53
2025;10899;Mantenimiento y reparación de otros equipos;4072;810;4113061775;0.53
2025;50199;Maquinaria, equipo y mobiliario diverso;3525;790;14900137828;1.91
2025;50101;Maquinaria y equipo para la producción;1413;320;18180902596;2.33
2025;20501;Materia prima;273;34;673863403;0.09
2025;20306;Materiales y productos de plástico;3530;226;357461665;0.05
2025;20305;Materiales y productos de vidrio;50;18;15050853;0
2025;20304;Materiales y productos eléctricos, telefónicos y de cómputo;5014;469;10968954362;1.41
2025;20301;Materiales y productos metálicos;5928;413;10613845798;1.36
2025;20302;Materiales y productos minerales y asfálticos;2164;306;2025019426;0.26
2025;10603;Obligaciones por contratos de seguros;1817;62;1347653604;0.17
2025;50204;Obras marítimas y fluviales;17;12;12869248861;1.65
2025;50206;Obras urbanísticas;7;6;40328794;0.01
2025;50299;Otras construcciones, adiciones y mejoras;975;251;30992463607;3.97
2025;50399;Otras obras preexistentes;10;1;685463349;0.09
2025;10199;Otros alquileres;187;64;651248682;0.08
2025;59999;Otros bienes duraderos;100;22;249876709;0.03
2025;20599;Otros bienes para la producción y comercialización;163;32;580895675;0.07
2025;10999;Otros impuestos;11;0;0;0
2025;20399;Otros materiales y productos de uso en la construcción y mantenimiento;2165;235;612618940;0.08
2025;20199;Otros productos químicos y conexos;3934;419;1985708426;0.25
2025;10299;Otros servicios básicos;280;67;611083931;0.08
2025;10499;Otros servicios de gestión y apoyo;3337;1179;14394762230;1.85
2025;19999;Otros servicios no especificados;530;140;2195097240;0.28
2025;29999;Otros útiles, materiales y suministros diversos;3526;481;2966693550;0.38
2025;59902;Piezas y obras de colección;40;12;100437456;0.01
2025;20202;Productos agroforestales;540;18;63075467;0.01
2025;29903;Productos de papel, cartón e impresos;3914;468;2822172371;0.36
2025;20102;Productos farmacéuticos y medicinales;1832;385;3405341425;0.44
2025;20201;Productos pecuarios y otras especies;17;9;66175932;0.01
2025;20103;Productos veterinarios;326;12;22815579;0
2025;10302;Publicidad y propaganda;1326;365;6298126736;0.81
2025;20402;Repuestos y accesorios;14058;1689;14235371415;1.82
2025;10601;Seguros;88;36;1044107762;0.13
2025;59901;Semovientes;43;9;288013700;0.04
2025;10201;Servicio de agua y alcantarillado;2;5;0;0
2025;10203;Servicio de correo;451;18;205630104;0.03
2025;10204;Servicio de telecomunicaciones;282;92;2587303647;0.33
2025;10305;Servicios aduaneros;23;5;588576;0
2025;10405;Servicios de desarrollo de sistemas informáticos //(2019) Servicios informáticos;262;124;3361021419;0.43
2025;10403;Servicios de ingeniería y arquitectura;1682;330;14669790362;1.88
2025;19901;Servicios de regulación;6;4;48236500;0.01
2025;10307;Servicios de transferencia electrónica de información //(2019)Servicios de tecnologías de información;668;234;5065841606;0.65
2025;10404;Servicios en ciencias económicas y sociales;819;323;8829518280;1.13
2025;10406;Servicios generales;2798;490;19161960532;2.46
2025;10402;Servicios jurídicos;213;92;329102557;0.04
2025;10401;Servicios médicos y de laboratorio //(2019) Servicios en ciencias de la salud;1195;138;66064039211;8.47
2025;50301;Terrenos;20;10;1541436309;0.2
2025;29904;Textiles y vestuario;4085;523;1318914016;0.17
2025;20104;Tintas, pinturas y diluyentes;2595;320;336786831;0.04
2025;10304;Transporte de bienes;326;101;295235393;0.04
2025;10501;Transporte dentro del país;1072;355;1287250474;0.17
2025;10503;Transporte en el exterior;1077;723;923202139;0.12
2025;29907;Útiles y materiales de cocina y comedor;642;56;62476991;0.01
2025;29905;Útiles y materiales de limpieza;5773;443;917919165;0.12
2025;29901;Útiles y materiales de oficina y cómputo;6663;359;449641982;0.06
2025;29906;Útiles y materiales de resguardo y seguridad;2547;368;1305885030;0.17
2025;29902;Útiles y materiales médico, hospitalario y de investigación;13648;852;5140472928;0.66
2025;50202;Vías de comunicación terrestre;1978;236;190532000000;24.43
2025;50203;Vías férreas;17;5;889241277;0.11
2025;10502;Viáticos dentro del país;60;11;2716471;0
2025;10504;Viáticos en el exterior;7;5;7097162;0
